name,sequence,log_likelihood_ratio,Interface_pLDDT,Interface_Residue_Count,Interface_Atom_Count,dG_separated,weighted_score,round_num,log_likelihood_ratio_vs_wildtype,weighted_score_vs_wildtype,sequence_with_tags
VHH-72-R27Y-E31D-F37V-D89E,QVQLQESGGGLVQAGGSLRLSCAASGYTFSDYAMGWVRQAPGKEREFVATISWSGGSTYYTDSVKGRFTISRDNAKNTVYLQMNSLKPEDTAVYYCAAAGLGTVVSEWDYDYDYWGQGTQVTVSS,4.546832084655762,69.51457489878543,59,494,-53.76,51.79465386632386,4,8.818713903427124,52.64903023007814,MKYLLPTAAAGLLLLAAQPAMAQVQLQESGGGLVQAGGSLRLSCAASGYTFSDYAMGWVRQAPGKEREFVATISWSGGSTYYTDSVKGRFTISRDNAKNTVYLQMNSLKPEDTAVYYCAAAGLGTVVSEWDYDYDYWGQGTQVTVSSHHHHHH*
VHH-72-E31S-R27L,QVQLQESGGGLVQAGGSLRLSCAASGLTFSSYAMGWFRQAPGKEREFVATISWSGGSTYYTDSVKGRFTISRDNAKNTVYLQMNSLKPDDTAVYYCAAAGLGTVVSEWDYDYDYWGQGTQVTVSS,5.794116258621216,74.87385057471263,23,174,-42.498,51.34514853908056,2,11.069507360458374,52.400226759448,MKYLLPTAAAGLLLLAAQPAMAQVQLQESGGGLVQAGGSLRLSCAASGLTFSSYAMGWFRQAPGKEREFVATISWSGGSTYYTDSVKGRFTISRDNAKNTVYLQMNSLKPDDTAVYYCAAAGLGTVVSEWDYDYDYWGQGTQVTVSSHHHHHH*
VHH-72-R27Y-E31D-F37V-Q5V,QVQLVESGGGLVQAGGSLRLSCAASGYTFSDYAMGWVRQAPGKEREFVATISWSGGSTYYTDSVKGRFTISRDNAKNTVYLQMNSLKPDDTAVYYCAAAGLGTVVSEWDYDYDYWGQGTQVTVSS,2.986104965209961,66.35504807692308,50,416,-56.296,50.66354503150353,4,7.257986783981323,51.5179213952578,MKYLLPTAAAGLLLLAAQPAMAQVQLVESGGGLVQAGGSLRLSCAASGYTFSDYAMGWVRQAPGKEREFVATISWSGGSTYYTDSVKGRFTISRDNAKNTVYLQMNSLKPDDTAVYYCAAAGLGTVVSEWDYDYDYWGQGTQVTVSSHHHHHH*
VHH-72-R27Y-E31D,QVQLQESGGGLVQAGGSLRLSCAASGYTFSDYAMGWFRQAPGKEREFVATISWSGGSTYYTDSVKGRFTISRDNAKNTVYLQMNSLKPDDTAVYYCAAAGLGTVVSEWDYDYDYWGQGTQVTVSS,3.521503210067749,68.00540709812108,58,479,-47.37,48.91800419107409,2,12.814893126487734,50.776682174358086,MKYLLPTAAAGLLLLAAQPAMAQVQLQESGGGLVQAGGSLRLSCAASGYTFSDYAMGWFRQAPGKEREFVATISWSGGSTYYTDSVKGRFTISRDNAKNTVYLQMNSLKPDDTAVYYCAAAGLGTVVSEWDYDYDYWGQGTQVTVSSHHHHHH*
VHH-72-R27N-E44G,QVQLQESGGGLVQAGGSLRLSCAASGNTFSEYAMGWFRQAPGKGREFVATISWSGGSTYYTDSVKGRFTISRDNAKNTVYLQMNSLKPDDTAVYYCAAAGLGTVVSEWDYDYDYWGQGTQVTVSS,4.170037269592285,72.86223175965665,28,233,-42.062,49.88372333374679,2,7.829806447029114,50.61567716923415,MKYLLPTAAAGLLLLAAQPAMAQVQLQESGGGLVQAGGSLRLSCAASGNTFSEYAMGWFRQAPGKGREFVATISWSGGSTYYTDSVKGRFTISRDNAKNTVYLQMNSLKPDDTAVYYCAAAGLGTVVSEWDYDYDYWGQGTQVTVSSHHHHHH*
VHH-72-R27D-W53G,QVQLQESGGGLVQAGGSLRLSCAASGDTFSEYAMGWFRQAPGKEREFVATISGSGGSTYYTDSVKGRFTISRDNAKNTVYLQMNSLKPDDTAVYYCAAAGLGTVVSEWDYDYDYWGQGTQVTVSS,2.75258207321167,66.46765765765765,40,333,-52.808,49.62674524347116,2,7.658619284629822,50.60795268575479,MKYLLPTAAAGLLLLAAQPAMAQVQLQESGGGLVQAGGSLRLSCAASGDTFSEYAMGWFRQAPGKEREFVATISGSGGSTYYTDSVKGRFTISRDNAKNTVYLQMNSLKPDDTAVYYCAAAGLGTVVSEWDYDYDYWGQGTQVTVSSHHHHHH*
VHH-72-R27Y-E31D-F37V,QVQLQESGGGLVQAGGSLRLSCAASGYTFSDYAMGWVRQAPGKEREFVATISWSGGSTYYTDSVKGRFTISRDNAKNTVYLQMNSLKPDDTAVYYCAAAGLGTVVSEWDYDYDYWGQGTQVTVSS,4.271881818771362,69.14382470119521,60,502,-47.602,49.70688871435188,3,7.793385028839111,50.41118935636543,MKYLLPTAAAGLLLLAAQPAMAQVQLQESGGGLVQAGGSLRLSCAASGYTFSDYAMGWVRQAPGKEREFVATISWSGGSTYYTDSVKGRFTISRDNAKNTVYLQMNSLKPDDTAVYYCAAAGLGTVVSEWDYDYDYWGQGTQVTVSSHHHHHH*
VHH-72-R27Y-E31D-A14P,QVQLQESGGGLVQPGGSLRLSCAASGYTFSDYAMGWFRQAPGKEREFVATISWSGGSTYYTDSVKGRFTISRDNAKNTVYLQMNSLKPDDTAVYYCAAAGLGTVVSEWDYDYDYWGQGTQVTVSS,5.042501926422119,67.94147474747474,59,495,-47.395,49.19773775902179,3,8.564005136489868,49.90203840103534,MKYLLPTAAAGLLLLAAQPAMAQVQLQESGGGLVQPGGSLRLSCAASGYTFSDYAMGWFRQAPGKEREFVATISWSGGSTYYTDSVKGRFTISRDNAKNTVYLQMNSLKPDDTAVYYCAAAGLGTVVSEWDYDYDYWGQGTQVTVSSHHHHHH*
VHH-72-R27Y-R45L,QVQLQESGGGLVQAGGSLRLSCAASGYTFSEYAMGWFRQAPGKELEFVATISWSGGSTYYTDSVKGRFTISRDNAKNTVYLQMNSLKPDDTAVYYCAAAGLGTVVSEWDYDYDYWGQGTQVTVSS,5.515910625457764,66.22582210242587,44,371,-46.032,48.02569317630448,2,14.809300541877748,49.88437115958848,MKYLLPTAAAGLLLLAAQPAMAQVQLQESGGGLVQAGGSLRLSCAASGYTFSEYAMGWFRQAPGKELEFVATISWSGGSTYYTDSVKGRFTISRDNAKNTVYLQMNSLKPDDTAVYYCAAAGLGTVVSEWDYDYDYWGQGTQVTVSSHHHHHH*
VHH-72-R27Y-E31D-Q5V,QVQLVESGGGLVQAGGSLRLSCAASGYTFSDYAMGWFRQAPGKEREFVATISWSGGSTYYTDSVKGRFTISRDNAKNTVYLQMNSLKPDDTAVYYCAAAGLGTVVSEWDYDYDYWGQGTQVTVSS,3.033196449279785,72.65841121495328,26,214,-40.459,49.0735448973326,3,6.554699659347534,49.77784553934615,MKYLLPTAAAGLLLLAAQPAMAQVQLVESGGGLVQAGGSLRLSCAASGYTFSDYAMGWFRQAPGKEREFVATISWSGGSTYYTDSVKGRFTISRDNAKNTVYLQMNSLKPDDTAVYYCAAAGLGTVVSEWDYDYDYWGQGTQVTVSSHHHHHH*
VHH-72-R27Y-E31D-Q5V-A14P,QVQLVESGGGLVQPGGSLRLSCAASGYTFSDYAMGWFRQAPGKEREFVATISWSGGSTYYTDSVKGRFTISRDNAKNTVYLQMNSLKPDDTAVYYCAAAGLGTVVSEWDYDYDYWGQGTQVTVSS,5.141923904418945,68.54316483516483,52,455,-45.607,48.98206719846621,4,8.17512035369873,49.58870648832216,MKYLLPTAAAGLLLLAAQPAMAQVQLVESGGGLVQPGGSLRLSCAASGYTFSDYAMGWFRQAPGKEREFVATISWSGGSTYYTDSVKGRFTISRDNAKNTVYLQMNSLKPDDTAVYYCAAAGLGTVVSEWDYDYDYWGQGTQVTVSSHHHHHH*
VHH-72-R27H-W53T,QVQLQESGGGLVQAGGSLRLSCAASGHTFSEYAMGWFRQAPGKEREFVATISTSGGSTYYTDSVKGRFTISRDNAKNTVYLQMNSLKPDDTAVYYCAAAGLGTVVSEWDYDYDYWGQGTQVTVSS,3.226333498954773,62.27508928571429,54,448,-55.84,48.5348113426481,2,7.760997533798218,49.44174414961678,MKYLLPTAAAGLLLLAAQPAMAQVQLQESGGGLVQAGGSLRLSCAASGHTFSEYAMGWFRQAPGKEREFVATISTSGGSTYYTDSVKGRFTISRDNAKNTVYLQMNSLKPDDTAVYYCAAAGLGTVVSEWDYDYDYWGQGTQVTVSSHHHHHH*
VHH-72-R27H-W53T-F37V,QVQLQESGGGLVQAGGSLRLSCAASGHTFSEYAMGWVRQAPGKEREFVATISTSGGSTYYTDSVKGRFTISRDNAKNTVYLQMNSLKPDDTAVYYCAAAGLGTVVSEWDYDYDYWGQGTQVTVSS,4.08326530456543,65.70276243093923,22,181,-50.378,48.7814342763827,3,7.309598803520203,49.426700976173656,MKYLLPTAAAGLLLLAAQPAMAQVQLQESGGGLVQAGGSLRLSCAASGHTFSEYAMGWVRQAPGKEREFVATISTSGGSTYYTDSVKGRFTISRDNAKNTVYLQMNSLKPDDTAVYYCAAAGLGTVVSEWDYDYDYWGQGTQVTVSSHHHHHH*
VHH-72-R27Y-E31D-F37I,QVQLQESGGGLVQAGGSLRLSCAASGYTFSDYAMGWIRQAPGKEREFVATISWSGGSTYYTDSVKGRFTISRDNAKNTVYLQMNSLKPDDTAVYYCAAAGLGTVVSEWDYDYDYWGQGTQVTVSS,2.868639707565308,67.92056842105264,58,475,-47.073,48.65591215203938,3,6.390142917633057,49.36021279405293,MKYLLPTAAAGLLLLAAQPAMAQVQLQESGGGLVQAGGSLRLSCAASGYTFSDYAMGWIRQAPGKEREFVATISWSGGSTYYTDSVKGRFTISRDNAKNTVYLQMNSLKPDDTAVYYCAAAGLGTVVSEWDYDYDYWGQGTQVTVSSHHHHHH*
VHH-72-R27N,QVQLQESGGGLVQAGGSLRLSCAASGNTFSEYAMGWFRQAPGKEREFVATISWSGGSTYYTDSVKGRFTISRDNAKNTVYLQMNSLKPDDTAVYYCAAAGLGTVVSEWDYDYDYWGQGTQVTVSS,3.6597691774368286,73.26664835164836,22,182,-39.629,49.253978011311546,1,3.6597691774368286,49.253978011311546,MKYLLPTAAAGLLLLAAQPAMAQVQLQESGGGLVQAGGSLRLSCAASGNTFSEYAMGWFRQAPGKEREFVATISWSGGSTYYTDSVKGRFTISRDNAKNTVYLQMNSLKPDDTAVYYCAAAGLGTVVSEWDYDYDYWGQGTQVTVSSHHHHHH*
VHH-72-R27Y-E31D-F37I-A14P,QVQLQESGGGLVQPGGSLRLSCAASGYTFSDYAMGWIRQAPGKEREFVATISWSGGSTYYTDSVKGRFTISRDNAKNTVYLQMNSLKPDDTAVYYCAAAGLGTVVSEWDYDYDYWGQGTQVTVSS,5.271458148956299,68.95063999999999,60,500,-43.829,48.67831162979125,4,8.140097856521606,49.25203957130432,MKYLLPTAAAGLLLLAAQPAMAQVQLQESGGGLVQPGGSLRLSCAASGYTFSDYAMGWIRQAPGKEREFVATISWSGGSTYYTDSVKGRFTISRDNAKNTVYLQMNSLKPDDTAVYYCAAAGLGTVVSEWDYDYDYWGQGTQVTVSSHHHHHH*
VHH-72-R27Y-E31D-W53T,QVQLQESGGGLVQAGGSLRLSCAASGYTFSDYAMGWFRQAPGKEREFVATISTSGGSTYYTDSVKGRFTISRDNAKNTVYLQMNSLKPDDTAVYYCAAAGLGTVVSEWDYDYDYWGQGTQVTVSS,2.6157443523406982,69.92895256916997,61,506,-43.301,48.47792515505312,3,6.137247562408447,49.18222579706667,MKYLLPTAAAGLLLLAAQPAMAQVQLQESGGGLVQAGGSLRLSCAASGYTFSDYAMGWFRQAPGKEREFVATISTSGGSTYYTDSVKGRFTISRDNAKNTVYLQMNSLKPDDTAVYYCAAAGLGTVVSEWDYDYDYWGQGTQVTVSSHHHHHH*
VHH-72-E31S-R27L-W53S,QVQLQESGGGLVQAGGSLRLSCAASGLTFSSYAMGWFRQAPGKEREFVATISSSGGSTYYTDSVKGRFTISRDNAKNTVYLQMNSLKPDDTAVYYCAAAGLGTVVSEWDYDYDYWGQGTQVTVSS,5.096463680267334,63.91594594594595,22,185,-49.787,47.91336570902644,3,10.89057993888855,49.07218896075068,MKYLLPTAAAGLLLLAAQPAMAQVQLQESGGGLVQAGGSLRLSCAASGLTFSSYAMGWFRQAPGKEREFVATISSSGGSTYYTDSVKGRFTISRDNAKNTVYLQMNSLKPDDTAVYYCAAAGLGTVVSEWDYDYDYWGQGTQVTVSSHHHHHH*
VHH-72-R27H-A98R,QVQLQESGGGLVQAGGSLRLSCAASGHTFSEYAMGWFRQAPGKEREFVATISWSGGSTYYTDSVKGRFTISRDNAKNTVYLQMNSLKPDDTAVYYCARAGLGTVVSEWDYDYDYWGQGTQVTVSS,4.389757394790649,66.34272289156627,50,415,-46.82,48.09531292474127,2,8.924421429634094,49.00224573170996,MKYLLPTAAAGLLLLAAQPAMAQVQLQESGGGLVQAGGSLRLSCAASGHTFSEYAMGWFRQAPGKEREFVATISWSGGSTYYTDSVKGRFTISRDNAKNTVYLQMNSLKPDDTAVYYCARAGLGTVVSEWDYDYDYWGQGTQVTVSSHHHHHH*
VHH-72-R27Y-E31D-T61A,QVQLQESGGGLVQAGGSLRLSCAASGYTFSDYAMGWFRQAPGKEREFVATISWSGGSTYYADSVKGRFTISRDNAKNTVYLQMNSLKPDDTAVYYCAAAGLGTVVSEWDYDYDYWGQGTQVTVSS,3.712155818939209,68.96359728506788,54,442,-43.548,48.28862980632178,3,7.233659029006958,48.99293044833533,MKYLLPTAAAGLLLLAAQPAMAQVQLQESGGGLVQAGGSLRLSCAASGYTFSDYAMGWFRQAPGKEREFVATISWSGGSTYYADSVKGRFTISRDNAKNTVYLQMNSLKPDDTAVYYCAAAGLGTVVSEWDYDYDYWGQGTQVTVSSHHHHHH*
VHH-72-R27D-A14P,QVQLQESGGGLVQPGGSLRLSCAASGDTFSEYAMGWFRQAPGKEREFVATISWSGGSTYYTDSVKGRFTISRDNAKNTVYLQMNSLKPDDTAVYYCAAAGLGTVVSEWDYDYDYWGQGTQVTVSS,5.023131847381592,62.769628180039135,62,511,-51.841,47.94174045949589,2,9.929169058799744,48.92294790177951,MKYLLPTAAAGLLLLAAQPAMAQVQLQESGGGLVQPGGSLRLSCAASGDTFSEYAMGWFRQAPGKEREFVATISWSGGSTYYTDSVKGRFTISRDNAKNTVYLQMNSLKPDDTAVYYCAAAGLGTVVSEWDYDYDYWGQGTQVTVSSHHHHHH*
VHH-72-R27Y-E31D-F37I-R45L,QVQLQESGGGLVQAGGSLRLSCAASGYTFSDYAMGWIRQAPGKELEFVATISWSGGSTYYTDSVKGRFTISRDNAKNTVYLQMNSLKPDDTAVYYCAAAGLGTVVSEWDYDYDYWGQGTQVTVSS,5.771876811981201,68.36763546798029,25,203,-43.196,48.29699309638638,4,8.640516519546509,48.87072103789944,MKYLLPTAAAGLLLLAAQPAMAQVQLQESGGGLVQAGGSLRLSCAASGYTFSDYAMGWIRQAPGKELEFVATISWSGGSTYYTDSVKGRFTISRDNAKNTVYLQMNSLKPDDTAVYYCAAAGLGTVVSEWDYDYDYWGQGTQVTVSSHHHHHH*
VHH-72-R27N-D89E,QVQLQESGGGLVQAGGSLRLSCAASGNTFSEYAMGWFRQAPGKEREFVATISWSGGSTYYTDSVKGRFTISRDNAKNTVYLQMNSLKPEDTAVYYCAAAGLGTVVSEWDYDYDYWGQGTQVTVSS,4.286077976226807,72.95862637362637,22,182,-35.913,48.11042878205855,2,7.945847153663635,48.84238261754591,MKYLLPTAAAGLLLLAAQPAMAQVQLQESGGGLVQAGGSLRLSCAASGNTFSEYAMGWFRQAPGKEREFVATISWSGGSTYYTDSVKGRFTISRDNAKNTVYLQMNSLKPEDTAVYYCAAAGLGTVVSEWDYDYDYWGQGTQVTVSSHHHHHH*
VHH-72,QVQLQESGGGLVQAGGSLRLSCAASGRTFSEYAMGWFRQAPGKEREFVATISWSGGSTYYTDSVKGRFTISRDNAKNTVYLQMNSLKPDDTAVYYCAAAGLGTVVSEWDYDYDYWGQGTQVTVSS,0.0,66.461269035533,23,197,-20.896,39.499434517766495,0,0.0,39.499434517766495,MKYLLPTAAAGLLLLAAQPAMAQVQLQESGGGLVQAGGSLRLSCAASGRTFSEYAMGWFRQAPGKEREFVATISWSGGSTYYTDSVKGRFTISRDNAKNTVYLQMNSLKPDDTAVYYCAAAGLGTVVSEWDYDYDYWGQGTQVTVSSHHHHHH*
