name,sequence,log_likelihood_ratio,Interface_pLDDT,Interface_Residue_Count,Interface_Atom_Count,dG_separated,weighted_score
H11-D4-A14P-Y88V-K74T-R27L,QVQLVESGGGLMQPGGSLRLSCAVSGLTFSTAAMGWFRQAPGKEREFVAAIRWSGGSAYYADSVKGRFTISRDTAKNTVYLQMNSLKVEDTAVYYCARTENVRSLLSDYATWPYDYWGQGTQVTVSS,5.960001707077026,84.02005988023953,19,167,-35.044,53.71523028153517
H11-D4-A14P-Y88V-K74T-R45L,QVQLVESGGGLMQPGGSLRLSCAVSGRTFSTAAMGWFRQAPGKELEFVAAIRWSGGSAYYADSVKGRFTISRDTAKNTVYLQMNSLKVEDTAVYYCARTENVRSLLSDYATWPYDYWGQGTQVTVSS,5.185545921325684,71.38290953545233,47,409,-51.186,52.08436395199129
H11-D4-A14P-Y88V-R27C-W53Y,QVQLVESGGGLMQPGGSLRLSCAVSGCTFSTAAMGWFRQAPGKEREFVAAIRYSGGSAYYADSVKGRFTISRDKAKNTVYLQMNSLKVEDTAVYYCARTENVRSLLSDYATWPYDYWGQGTQVTVSS,3.5056010484695435,72.72931603773584,49,424,-49.74,51.98777822856184
H11-D4-A14P-Y88V-M12V-R27Y,QVQLVESGGGLVQPGGSLRLSCAVSGYTFSTAAMGWFRQAPGKEREFVAAIRWSGGSAYYADSVKGRFTISRDKAKNTVYLQMNSLKVEDTAVYYCARTENVRSLLSDYATWPYDYWGQGTQVTVSS,9.70608675479889,64.21608562691131,40,327,-53.578,50.12266016441543
H11-D4-A14P-Y88V-M12V-R27S,QVQLVESGGGLVQPGGSLRLSCAVSGSTFSTAAMGWFRQAPGKEREFVAAIRWSGGSAYYADSVKGRFTISRDKAKNTVYLQMNSLKVEDTAVYYCARTENVRSLLSDYATWPYDYWGQGTQVTVSS,4.65600311756134,65.36520215633423,43,371,-53.512,49.66740170167938
H11-D4-A14P-Y88V-R27C-R52S,QVQLVESGGGLMQPGGSLRLSCAVSGCTFSTAAMGWFRQAPGKEREFVAAISWSGGSAYYADSVKGRFTISRDKAKNTVYLQMNSLKVEDTAVYYCARTENVRSLLSDYATWPYDYWGQGTQVTVSS,3.7949299812316895,70.91826732673267,48,404,-43.396,49.236919659612674
H11-D4-Y88T-R27Y-R45P-F37I,QVQLVESGGGLMQAGGSLRLSCAVSGYTFSTAAMGWIRQAPGKEPEFVAAIRWSGGSAYYADSVKGRFTISRDKAKNTVYLQMNSLKTEDTAVYYCARTENVRSLLSDYATWPYDYWGQGTQVTVSS,3.0671565532684326,72.59056555269923,44,389,-38.844,48.5619140870033
H11-D4-Y88T-R27Y-R45P-M12V,QVQLVESGGGLVQAGGSLRLSCAVSGYTFSTAAMGWFRQAPGKEPEFVAAIRWSGGSAYYADSVKGRFTISRDKAKNTVYLQMNSLKTEDTAVYYCARTENVRSLLSDYATWPYDYWGQGTQVTVSS,5.663942813873291,70.38601626016259,43,369,-40.522,48.48239669285595
H11-D4-A14P-Y88V-K74T-W53G,QVQLVESGGGLMQPGGSLRLSCAVSGRTFSTAAMGWFRQAPGKEREFVAAIRGSGGSAYYADSVKGRFTISRDTAKNTVYLQMNSLKVEDTAVYYCARTENVRSLLSDYATWPYDYWGQGTQVTVSS,3.8885074853897095,71.92763636363637,53,440,-38.149,48.18621967889612
H11-D4-A14P-Y88E-M12V-R27S,QVQLVESGGGLVQPGGSLRLSCAVSGSTFSTAAMGWFRQAPGKEREFVAAIRWSGGSAYYADSVKGRFTISRDKAKNTVYLQMNSLKEEDTAVYYCARTENVRSLLSDYATWPYDYWGQGTQVTVSS,4.78696346282959,65.28764542936288,42,361,-46.797,47.64031540724736
H11-D4-A14P-Y88V-R27C-R45L,QVQLVESGGGLMQPGGSLRLSCAVSGCTFSTAAMGWFRQAPGKELEFVAAIRWSGGSAYYADSVKGRFTISRDKAKNTVYLQMNSLKVEDTAVYYCARTENVRSLLSDYATWPYDYWGQGTQVTVSS,5.015700578689575,71.18005089058524,47,393,-36.769,47.62386556103053
H11-D4-A14P-Y88V-R27C-K74N,QVQLVESGGGLMQPGGSLRLSCAVSGCTFSTAAMGWFRQAPGKEREFVAAIRWSGGSAYYADSVKGRFTISRDNAKNTVYLQMNSLKVEDTAVYYCARTENVRSLLSDYATWPYDYWGQGTQVTVSS,5.75899076461792,69.71875299760192,46,417,-38.42,47.53717465172454
H11-D4-A14P-Y88V-M12V-K74N,QVQLVESGGGLVQPGGSLRLSCAVSGRTFSTAAMGWFRQAPGKEREFVAAIRWSGGSAYYADSVKGRFTISRDNAKNTVYLQMNSLKVEDTAVYYCARTENVRSLLSDYATWPYDYWGQGTQVTVSS,6.012148380279541,66.07278606965174,46,402,-44.324,47.536022710881774
H11-D4-A14P-Y88V-M12V-R27I,QVQLVESGGGLVQPGGSLRLSCAVSGITFSTAAMGWFRQAPGKEREFVAAIRWSGGSAYYADSVKGRFTISRDKAKNTVYLQMNSLKVEDTAVYYCARTENVRSLLSDYATWPYDYWGQGTQVTVSS,5.019808411598206,68.12431818181818,41,352,-41.229,47.43482077322873
H11-D4-A14P-Y88V-K74T-R27S,QVQLVESGGGLMQPGGSLRLSCAVSGSTFSTAAMGWFRQAPGKEREFVAAIRWSGGSAYYADSVKGRFTISRDTAKNTVYLQMNSLKVEDTAVYYCARTENVRSLLSDYATWPYDYWGQGTQVTVSS,4.3953258991241455,68.97103960396039,46,404,-38.297,46.853684981805024
H11-D4-A14P-Y88V-K74T-V88A,QVQLVESGGGLMQPGGSLRLSCAVSGRTFSTAAMGWFRQAPGKEREFVAAIRWSGGSAYYADSVKGRFTISRDTAKNTVYLQMNSLKAEDTAVYYCARTENVRSLLSDYATWPYDYWGQGTQVTVSS,3.802469730377197,65.7947105263158,44,380,-43.24,46.62984920923334
H11-D4-A14P-Y88V-K74T-R27I,QVQLVESGGGLMQPGGSLRLSCAVSGITFSTAAMGWFRQAPGKEREFVAAIRWSGGSAYYADSVKGRFTISRDTAKNTVYLQMNSLKVEDTAVYYCARTENVRSLLSDYATWPYDYWGQGTQVTVSS,4.857195138931274,66.99408,44,375,-39.551,46.33377902778625
H11-D4-A14P-Y88E-M12V-R27I,QVQLVESGGGLVQPGGSLRLSCAVSGITFSTAAMGWFRQAPGKEREFVAAIRWSGGSAYYADSVKGRFTISRDKAKNTVYLQMNSLKEEDTAVYYCARTENVRSLLSDYATWPYDYWGQGTQVTVSS,5.090656757354736,65.91335180055403,42,361,-41.104,46.30600725174796
H11-D4-Y88T-R27Y-R45P-R52S,QVQLVESGGGLMQAGGSLRLSCAVSGYTFSTAAMGWFRQAPGKEPEFVAAISWSGGSAYYADSVKGRFTISRDKAKNTVYLQMNSLKTEDTAVYYCARTENVRSLLSDYATWPYDYWGQGTQVTVSS,3.7829103469848633,66.28102459016394,55,488,-40.876,46.15989436447894
H11-D4-A14P-Y88V-M12V-R27M,QVQLVESGGGLVQPGGSLRLSCAVSGMTFSTAAMGWFRQAPGKEREFVAAIRWSGGSAYYADSVKGRFTISRDKAKNTVYLQMNSLKVEDTAVYYCARTENVRSLLSDYATWPYDYWGQGTQVTVSS,4.214298367500305,69.10967479674797,44,369,-35.675,46.10019707187404
H11-D4-A14P-Y88E-M12V-K74N,QVQLVESGGGLVQPGGSLRLSCAVSGRTFSTAAMGWFRQAPGKEREFVAAIRWSGGSAYYADSVKGRFTISRDNAKNTVYLQMNSLKEEDTAVYYCARTENVRSLLSDYATWPYDYWGQGTQVTVSS,5.844945907592773,71.93159685863874,45,382,-28.98,45.82878761083792
H11-D4-A14P-Y88V-K74T-R45P,QVQLVESGGGLMQPGGSLRLSCAVSGRTFSTAAMGWFRQAPGKEPEFVAAIRWSGGSAYYADSVKGRFTISRDTAKNTVYLQMNSLKVEDTAVYYCARTENVRSLLSDYATWPYDYWGQGTQVTVSS,4.415782928466797,65.81407185628743,38,334,-39.993,45.78809251383707
H11-D4-Y88T-R27Y-R45P-A14P,QVQLVESGGGLMQPGGSLRLSCAVSGYTFSTAAMGWFRQAPGKEPEFVAAIRWSGGSAYYADSVKGRFTISRDKAKNTVYLQMNSLKTEDTAVYYCARTENVRSLLSDYATWPYDYWGQGTQVTVSS,4.98990535736084,67.56623595505619,42,356,-36.546,45.74489904900026
H11-D4-A14P-Y88V-K74T-R27W,QVQLVESGGGLMQPGGSLRLSCAVSGWTFSTAAMGWFRQAPGKEREFVAAIRWSGGSAYYADSVKGRFTISRDTAKNTVYLQMNSLKVEDTAVYYCARTENVRSLLSDYATWPYDYWGQGTQVTVSS,4.068974018096924,72.25401069518716,21,187,-29.25,45.71580015121297
H11-D4-A14P-Y88V-R27C-E44G,QVQLVESGGGLMQPGGSLRLSCAVSGCTFSTAAMGWFRQAPGKGREFVAAIRWSGGSAYYADSVKGRFTISRDKAKNTVYLQMNSLKVEDTAVYYCARTENVRSLLSDYATWPYDYWGQGTQVTVSS,4.342681884765625,71.07387341772152,46,395,-30.896,45.67427308581388
H11-D4-A14P-Y88V-R27C-R45P,QVQLVESGGGLMQPGGSLRLSCAVSGCTFSTAAMGWFRQAPGKEPEFVAAIRWSGGSAYYADSVKGRFTISRDKAKNTVYLQMNSLKVEDTAVYYCARTENVRSLLSDYATWPYDYWGQGTQVTVSS,4.324099779129028,64.75104575163398,36,306,-41.077,45.563442831642796
H11-D4-Y88T-R27Y-R45P-K74N,QVQLVESGGGLMQAGGSLRLSCAVSGYTFSTAAMGWFRQAPGKEPEFVAAIRWSGGSAYYADSVKGRFTISRDNAKNTVYLQMNSLKTEDTAVYYCARTENVRSLLSDYATWPYDYWGQGTQVTVSS,5.921968936920166,67.25995444191344,50,439,-34.963,45.30327100834075
H11-D4-A14P-Y88V-R27C-K74T,QVQLVESGGGLMQPGGSLRLSCAVSGCTFSTAAMGWFRQAPGKEREFVAAIRWSGGSAYYADSVKGRFTISRDTAKNTVYLQMNSLKVEDTAVYYCARTENVRSLLSDYATWPYDYWGQGTQVTVSS,4.702093601226807,66.39616519174041,41,339,-37.13,45.27750131611557
H11-D4-A14P-Y88V-K74T-R27M,QVQLVESGGGLMQPGGSLRLSCAVSGMTFSTAAMGWFRQAPGKEREFVAAIRWSGGSAYYADSVKGRFTISRDTAKNTVYLQMNSLKVEDTAVYYCARTENVRSLLSDYATWPYDYWGQGTQVTVSS,4.063185214996338,67.04966197183099,41,355,-36.382,45.25206802891476
H11-D4-Y88T-R27Y-R45P-E44G,QVQLVESGGGLMQAGGSLRLSCAVSGYTFSTAAMGWFRQAPGKGPEFVAAIRWSGGSAYYADSVKGRFTISRDKAKNTVYLQMNSLKTEDTAVYYCARTENVRSLLSDYATWPYDYWGQGTQVTVSS,4.563389539718628,66.68563492063491,59,504,-36.624,45.24269536826118
H11-D4-A14P-Y88V-R27C-K74D,QVQLVESGGGLMQPGGSLRLSCAVSGCTFSTAAMGWFRQAPGKEREFVAAIRWSGGSAYYADSVKGRFTISRDDAKNTVYLQMNSLKVEDTAVYYCARTENVRSLLSDYATWPYDYWGQGTQVTVSS,4.738047122955322,71.68220238095239,38,336,-28.016,45.19351061506726
H11-D4-A14P-Y88V-R27C-C27F,QVQLVESGGGLMQPGGSLRLSCAVSGFTFSTAAMGWFRQAPGKEREFVAAIRWSGGSAYYADSVKGRFTISRDKAKNTVYLQMNSLKVEDTAVYYCARTENVRSLLSDYATWPYDYWGQGTQVTVSS,5.426144599914551,64.91311475409836,43,366,-38.767,45.17188629703209
H11-D4-A14P-Y88V-K74T-R27C,QVQLVESGGGLMQPGGSLRLSCAVSGCTFSTAAMGWFRQAPGKEREFVAAIRWSGGSAYYADSVKGRFTISRDTAKNTVYLQMNSLKVEDTAVYYCARTENVRSLLSDYATWPYDYWGQGTQVTVSS,4.480156898498535,68.30525333333334,43,375,-33.594,45.12685804636638
H11-D4-Y88T-R27Y-R45P-E44A,QVQLVESGGGLMQAGGSLRLSCAVSGYTFSTAAMGWFRQAPGKAPEFVAAIRWSGGSAYYADSVKGRFTISRDKAKNTVYLQMNSLKTEDTAVYYCARTENVRSLLSDYATWPYDYWGQGTQVTVSS,2.8398287296295166,71.93308093994777,43,383,-28.548,45.09890621589979
H11-D4-A14P-Y88E-M12V-R27V,QVQLVESGGGLVQPGGSLRLSCAVSGVTFSTAAMGWFRQAPGKEREFVAAIRWSGGSAYYADSVKGRFTISRDKAKNTVYLQMNSLKEEDTAVYYCARTENVRSLLSDYATWPYDYWGQGTQVTVSS,4.193098068237305,72.92438953488373,40,344,-25.66,44.998814381089325
H11-D4-A14P-Y88V-M12V-R27L,QVQLVESGGGLVQPGGSLRLSCAVSGLTFSTAAMGWFRQAPGKEREFVAAIRWSGGSAYYADSVKGRFTISRDKAKNTVYLQMNSLKVEDTAVYYCARTENVRSLLSDYATWPYDYWGQGTQVTVSS,6.212590336799622,63.86545454545455,34,286,-39.18,44.9292453400872
H11-D4-A14P-Y88E-M12V-E44G,QVQLVESGGGLVQPGGSLRLSCAVSGRTFSTAAMGWFRQAPGKGREFVAAIRWSGGSAYYADSVKGRFTISRDKAKNTVYLQMNSLKEEDTAVYYCARTENVRSLLSDYATWPYDYWGQGTQVTVSS,4.422443866729736,64.53637982195845,41,337,-39.14,44.89467868432517
H11-D4-A14P-Y88V-K74T-E44G,QVQLVESGGGLMQPGGSLRLSCAVSGRTFSTAAMGWFRQAPGKGREFVAAIRWSGGSAYYADSVKGRFTISRDTAKNTVYLQMNSLKVEDTAVYYCARTENVRSLLSDYATWPYDYWGQGTQVTVSS,4.558428287506104,70.33591145833334,45,384,-28.757,44.70674138666789
H11-D4-A14P-Y88V-K74T-R27Y,QVQLVESGGGLMQPGGSLRLSCAVSGYTFSTAAMGWFRQAPGKEREFVAAIRWSGGSAYYADSVKGRFTISRDTAKNTVYLQMNSLKVEDTAVYYCARTENVRSLLSDYATWPYDYWGQGTQVTVSS,9.365657567977903,68.02866492146597,42,382,-28.562,44.45606397432857
H11-D4-Y88T-R27Y-R45P-F37V,QVQLVESGGGLMQAGGSLRLSCAVSGYTFSTAAMGWVRQAPGKEPEFVAAIRWSGGSAYYADSVKGRFTISRDKAKNTVYLQMNSLKTEDTAVYYCARTENVRSLLSDYATWPYDYWGQGTQVTVSS,4.43131947517395,72.2086387434555,43,382,-24.825,44.43808326676253
H11-D4-Y88T-R27Y-R45P-K74S,QVQLVESGGGLMQAGGSLRLSCAVSGYTFSTAAMGWFRQAPGKEPEFVAAIRWSGGSAYYADSVKGRFTISRDSAKNTVYLQMNSLKTEDTAVYYCARTENVRSLLSDYATWPYDYWGQGTQVTVSS,3.206963539123535,71.63632183908045,50,435,-26.448,44.39395362736494
H11-D4-A14P-Y88V-K74T-R27F,QVQLVESGGGLMQPGGSLRLSCAVSGFTFSTAAMGWFRQAPGKEREFVAAIRWSGGSAYYADSVKGRFTISRDTAKNTVYLQMNSLKVEDTAVYYCARTENVRSLLSDYATWPYDYWGQGTQVTVSS,10.011431455612184,69.11796437659034,44,393,-25.374,44.17346847941761
H11-D4-Y88T-R27Y-R45P-W53D,QVQLVESGGGLMQAGGSLRLSCAVSGYTFSTAAMGWFRQAPGKEPEFVAAIRDSGGSAYYADSVKGRFTISRDKAKNTVYLQMNSLKTEDTAVYYCARTENVRSLLSDYATWPYDYWGQGTQVTVSS,3.994868040084839,64.65242718446602,36,309,-36.432,44.054787200249976
H11-D4-A14P-Y88V-R27C-M12V,QVQLVESGGGLVQPGGSLRLSCAVSGCTFSTAAMGWFRQAPGKEREFVAAIRWSGGSAYYADSVKGRFTISRDKAKNTVYLQMNSLKVEDTAVYYCARTENVRSLLSDYATWPYDYWGQGTQVTVSS,5.186102867126465,65.51400630914826,38,317,-33.874,43.95642372799942
H11-D4-A14P-Y88E-M12V-R27W,QVQLVESGGGLVQPGGSLRLSCAVSGWTFSTAAMGWFRQAPGKEREFVAAIRWSGGSAYYADSVKGRFTISRDKAKNTVYLQMNSLKEEDTAVYYCARTENVRSLLSDYATWPYDYWGQGTQVTVSS,4.572704315185547,64.15362397820164,43,367,-36.371,43.90265285213793
H11-D4-Y88T-R27Y-R45P-W53T,QVQLVESGGGLMQAGGSLRLSCAVSGYTFSTAAMGWFRQAPGKEPEFVAAIRTSGGSAYYADSVKGRFTISRDKAKNTVYLQMNSLKTEDTAVYYCARTENVRSLLSDYATWPYDYWGQGTQVTVSS,3.204728364944458,66.44491452991453,26,234,-33.312,43.857002937946156
H11-D4-A14P-Y88E-M12V-W53S,QVQLVESGGGLVQPGGSLRLSCAVSGRTFSTAAMGWFRQAPGKEREFVAAIRSSGGSAYYADSVKGRFTISRDKAKNTVYLQMNSLKEEDTAVYYCARTENVRSLLSDYATWPYDYWGQGTQVTVSS,5.070230185985565,69.19067251461988,39,342,-26.797,43.64848229450705
H11-D4-A14P-Y88E-M12V-R27F,QVQLVESGGGLVQPGGSLRLSCAVSGFTFSTAAMGWFRQAPGKEREFVAAIRWSGGSAYYADSVKGRFTISRDKAKNTVYLQMNSLKEEDTAVYYCARTENVRSLLSDYATWPYDYWGQGTQVTVSS,10.467090129852297,65.73407999999999,44,375,-28.925,43.637958025970455
H11-D4-A14P-Y88V-M12V-R27W,QVQLVESGGGLVQPGGSLRLSCAVSGWTFSTAAMGWFRQAPGKEREFVAAIRWSGGSAYYADSVKGRFTISRDKAKNTVYLQMNSLKVEDTAVYYCARTENVRSLLSDYATWPYDYWGQGTQVTVSS,4.444783568382263,63.58261111111111,40,360,-36.444,43.61346226923201
H11-D4-Y88T-R27Y-R45P-W53Y,QVQLVESGGGLMQAGGSLRLSCAVSGYTFSTAAMGWFRQAPGKEPEFVAAIRYSGGSAYYADSVKGRFTISRDKAKNTVYLQMNSLKTEDTAVYYCARTENVRSLLSDYATWPYDYWGQGTQVTVSS,3.1839678287506104,65.83706451612903,36,310,-33.166,43.50512582381464
H11-D4-A14P-Y88V-M12V-E44G,QVQLVESGGGLVQPGGSLRLSCAVSGRTFSTAAMGWFRQAPGKGREFVAAIRWSGGSAYYADSVKGRFTISRDKAKNTVYLQMNSLKVEDTAVYYCARTENVRSLLSDYATWPYDYWGQGTQVTVSS,4.458674669265747,65.53340476190476,48,420,-32.767,43.488537314805534
H11-D4-A14P-Y88V-K74T-W53S,QVQLVESGGGLMQPGGSLRLSCAVSGRTFSTAAMGWFRQAPGKEREFVAAIRSSGGSAYYADSVKGRFTISRDTAKNTVYLQMNSLKVEDTAVYYCARTENVRSLLSDYATWPYDYWGQGTQVTVSS,5.051571488380432,65.46173202614379,36,306,-31.998,43.34058031074798
H11-D4-A14P-Y88E-M12V-W53D,QVQLVESGGGLVQPGGSLRLSCAVSGRTFSTAAMGWFRQAPGKEREFVAAIRDSGGSAYYADSVKGRFTISRDKAKNTVYLQMNSLKEEDTAVYYCARTENVRSLLSDYATWPYDYWGQGTQVTVSS,4.405682742595673,67.21371527777778,34,288,-29.377,43.301094187408026
H11-D4-A14P-Y88V-M12V-R27V,QVQLVESGGGLVQPGGSLRLSCAVSGVTFSTAAMGWFRQAPGKEREFVAAIRWSGGSAYYADSVKGRFTISRDKAKNTVYLQMNSLKVEDTAVYYCARTENVRSLLSDYATWPYDYWGQGTQVTVSS,4.100019097328186,63.51407975460123,39,326,-35.45,43.21204369676625
H11-D4-A14P-Y88V-M12V-R45L,QVQLVESGGGLVQPGGSLRLSCAVSGRTFSTAAMGWFRQAPGKELEFVAAIRWSGGSAYYADSVKGRFTISRDKAKNTVYLQMNSLKVEDTAVYYCARTENVRSLLSDYATWPYDYWGQGTQVTVSS,5.154613256454468,65.87075,31,280,-30.819,43.21199765129089
H11-D4-A14P-Y88V-R27C-W53S,QVQLVESGGGLMQPGGSLRLSCAVSGCTFSTAAMGWFRQAPGKEREFVAAIRSSGGSAYYADSVKGRFTISRDKAKNTVYLQMNSLKVEDTAVYYCARTENVRSLLSDYATWPYDYWGQGTQVTVSS,5.231979727745056,66.75953678474114,44,367,-29.272,43.20776433791958
H11-D4-A14P-Y88V-M12V-R27D,QVQLVESGGGLVQPGGSLRLSCAVSGDTFSTAAMGWFRQAPGKEREFVAAIRWSGGSAYYADSVKGRFTISRDKAKNTVYLQMNSLKVEDTAVYYCARTENVRSLLSDYATWPYDYWGQGTQVTVSS,4.231434941291809,64.11125,46,400,-33.513,42.95581198825836
H11-D4-A14P-Y88E-M12V-R27Y,QVQLVESGGGLVQPGGSLRLSCAVSGYTFSTAAMGWFRQAPGKEREFVAAIRWSGGSAYYADSVKGRFTISRDKAKNTVYLQMNSLKEEDTAVYYCARTENVRSLLSDYATWPYDYWGQGTQVTVSS,9.893136501312256,66.11400602409638,39,332,-25.755,42.762130312310646
H11-D4-Y88T-R27Y-R45P-W53S,QVQLVESGGGLMQAGGSLRLSCAVSGYTFSTAAMGWFRQAPGKEPEFVAAIRSSGGSAYYADSVKGRFTISRDKAKNTVYLQMNSLKTEDTAVYYCARTENVRSLLSDYATWPYDYWGQGTQVTVSS,5.493896722793579,66.57710801393729,33,287,-27.686,42.69313335152736
H11-D4-Y88T-R27Y-R45P-K74T,QVQLVESGGGLMQAGGSLRLSCAVSGYTFSTAAMGWFRQAPGKEPEFVAAIRWSGGSAYYADSVKGRFTISRDTAKNTVYLQMNSLKTEDTAVYYCARTENVRSLLSDYATWPYDYWGQGTQVTVSS,5.358796119689941,67.80860119047618,39,336,-25.69,42.68305981917608
H11-D4-A14P-Y88V-K74T-W53D,QVQLVESGGGLMQPGGSLRLSCAVSGRTFSTAAMGWFRQAPGKEREFVAAIRDSGGSAYYADSVKGRFTISRDTAKNTVYLQMNSLKVEDTAVYYCARTENVRSLLSDYATWPYDYWGQGTQVTVSS,4.203372120857239,66.22748427672956,38,318,-29.003,42.65531656253622
H11-D4-A14P-Y88V-R27C-W53A,QVQLVESGGGLMQPGGSLRLSCAVSGCTFSTAAMGWFRQAPGKEREFVAAIRASGGSAYYADSVKGRFTISRDKAKNTVYLQMNSLKVEDTAVYYCARTENVRSLLSDYATWPYDYWGQGTQVTVSS,3.331027865409851,65.60169696969697,19,165,-30.514,42.62125405793046
H11-D4-Y88T-R27Y-R45P-W53A,QVQLVESGGGLMQAGGSLRLSCAVSGYTFSTAAMGWFRQAPGKEPEFVAAIRASGGSAYYADSVKGRFTISRDKAKNTVYLQMNSLKTEDTAVYYCARTENVRSLLSDYATWPYDYWGQGTQVTVSS,3.3004848957061768,68.02151624548736,31,277,-26.298,42.56025510188492
H11-D4-Y88T-R27Y-R45P-A58T,QVQLVESGGGLMQAGGSLRLSCAVSGYTFSTAAMGWFRQAPGKEPEFVAAIRWSGGSTYYADSVKGRFTISRDKAKNTVYLQMNSLKTEDTAVYYCARTENVRSLLSDYATWPYDYWGQGTQVTVSS,3.005125999450684,65.5908635097493,42,359,-30.246,42.470256954764785
H11-D4-A14P-Y88V-R27C-W53N,QVQLVESGGGLMQPGGSLRLSCAVSGCTFSTAAMGWFRQAPGKEREFVAAIRNSGGSAYYADSVKGRFTISRDKAKNTVYLQMNSLKVEDTAVYYCARTENVRSLLSDYATWPYDYWGQGTQVTVSS,3.492712378501892,68.27134730538923,39,334,-25.091,42.361516128394996
H11-D4-A14P-Y88E-M12V-K74T,QVQLVESGGGLVQPGGSLRLSCAVSGRTFSTAAMGWFRQAPGKEREFVAAIRWSGGSAYYADSVKGRFTISRDTAKNTVYLQMNSLKEEDTAVYYCARTENVRSLLSDYATWPYDYWGQGTQVTVSS,4.509973526000977,68.00283783783783,43,370,-24.205,42.16491362411911
H11-D4-A14P-Y88V-M12V-F37V,QVQLVESGGGLVQPGGSLRLSCAVSGRTFSTAAMGWVRQAPGKEREFVAAIRWSGGSAYYADSVKGRFTISRDKAKNTVYLQMNSLKVEDTAVYYCARTENVRSLLSDYATWPYDYWGQGTQVTVSS,4.485283374786377,65.14013368983957,45,374,-28.678,42.070523519877064
H11-D4-A14P-Y88V-M12V-R27H,QVQLVESGGGLVQPGGSLRLSCAVSGHTFSTAAMGWFRQAPGKEREFVAAIRWSGGSAYYADSVKGRFTISRDKAKNTVYLQMNSLKVEDTAVYYCARTENVRSLLSDYATWPYDYWGQGTQVTVSS,4.398085713386536,65.17406824146981,44,381,-28.652,42.06225126341221
H11-D4-A14P-Y88V-R27C-W53G,QVQLVESGGGLMQPGGSLRLSCAVSGCTFSTAAMGWFRQAPGKEREFVAAIRGSGGSAYYADSVKGRFTISRDKAKNTVYLQMNSLKVEDTAVYYCARTENVRSLLSDYATWPYDYWGQGTQVTVSS,4.199118971824646,64.35712903225806,36,310,-29.825,41.96588831049396
H11-D4-A14P-Y88E-M12V-R45L,QVQLVESGGGLVQPGGSLRLSCAVSGRTFSTAAMGWFRQAPGKELEFVAAIRWSGGSAYYADSVKGRFTISRDKAKNTVYLQMNSLKEEDTAVYYCARTENVRSLLSDYATWPYDYWGQGTQVTVSS,5.259215593338013,63.35813411078717,39,343,-30.769,41.961610174061185
H11-D4-A14P-Y88V-R27C-R52Y,QVQLVESGGGLMQPGGSLRLSCAVSGCTFSTAAMGWFRQAPGKEREFVAAIYWSGGSAYYADSVKGRFTISRDKAKNTVYLQMNSLKVEDTAVYYCARTENVRSLLSDYATWPYDYWGQGTQVTVSS,3.2911248207092285,64.15993103448277,33,290,-30.501,41.88849048138323
H11-D4-A14P-Y88V-R27C-V88A,QVQLVESGGGLMQPGGSLRLSCAVSGCTFSTAAMGWFRQAPGKEREFVAAIRWSGGSAYYADSVKGRFTISRDKAKNTVYLQMNSLKAEDTAVYYCARTENVRSLLSDYATWPYDYWGQGTQVTVSS,3.458456993103028,66.72139473684211,42,380,-25.78,41.786388767041664
H11-D4-A14P-Y88V-K74T-M12V,QVQLVESGGGLVQPGGSLRLSCAVSGRTFSTAAMGWFRQAPGKEREFVAAIRWSGGSAYYADSVKGRFTISRDTAKNTVYLQMNSLKVEDTAVYYCARTENVRSLLSDYATWPYDYWGQGTQVTVSS,5.108803749084473,65.58131195335277,41,343,-26.413,41.73631672649327
H11-D4-A14P-Y88E-M12V-R27C,QVQLVESGGGLVQPGGSLRLSCAVSGCTFSTAAMGWFRQAPGKEREFVAAIRWSGGSAYYADSVKGRFTISRDKAKNTVYLQMNSLKEEDTAVYYCARTENVRSLLSDYATWPYDYWGQGTQVTVSS,4.971055507659912,64.50728855721393,48,402,-28.019,41.65355538013894
H11-D4-A14P-Y88E-M12V-R27L,QVQLVESGGGLVQPGGSLRLSCAVSGLTFSTAAMGWFRQAPGKEREFVAAIRWSGGSAYYADSVKGRFTISRDKAKNTVYLQMNSLKEEDTAVYYCARTENVRSLLSDYATWPYDYWGQGTQVTVSS,6.348855495452881,63.54713414634146,59,492,-28.456,41.58013817226131
H11-D4-A14P-Y88V-K74T-R27V,QVQLVESGGGLMQPGGSLRLSCAVSGVTFSTAAMGWFRQAPGKEREFVAAIRWSGGSAYYADSVKGRFTISRDTAKNTVYLQMNSLKVEDTAVYYCARTENVRSLLSDYATWPYDYWGQGTQVTVSS,3.956282377243042,66.95177570093458,37,321,-23.799,41.40684432591589
H11-D4-Y88T-R27Y-R45P-W53P,QVQLVESGGGLMQAGGSLRLSCAVSGYTFSTAAMGWFRQAPGKEPEFVAAIRPSGGSAYYADSVKGRFTISRDKAKNTVYLQMNSLKTEDTAVYYCARTENVRSLLSDYATWPYDYWGQGTQVTVSS,3.3994252681732178,65.6519512195122,34,287,-25.719,41.22156066339074
H11-D4-A14P-Y88V-R27C-F37V,QVQLVESGGGLMQPGGSLRLSCAVSGCTFSTAAMGWVRQAPGKEREFVAAIRWSGGSAYYADSVKGRFTISRDKAKNTVYLQMNSLKVEDTAVYYCARTENVRSLLSDYATWPYDYWGQGTQVTVSS,4.5537497997283936,63.66415492957746,51,426,-28.173,41.19472742473441
H11-D4-A14P-Y88V-M12V-W53D,QVQLVESGGGLVQPGGSLRLSCAVSGRTFSTAAMGWFRQAPGKEREFVAAIRDSGGSAYYADSVKGRFTISRDKAKNTVYLQMNSLKVEDTAVYYCARTENVRSLLSDYATWPYDYWGQGTQVTVSS,4.433688998222351,66.02854430379747,38,316,-24.273,41.18290995154321
H11-D4-A14P-Y88V-M12V-R27F,QVQLVESGGGLVQPGGSLRLSCAVSGFTFSTAAMGWFRQAPGKEREFVAAIRWSGGSAYYADSVKGRFTISRDKAKNTVYLQMNSLKVEDTAVYYCARTENVRSLLSDYATWPYDYWGQGTQVTVSS,10.288211464881895,64.01428961748634,43,366,-23.52,41.12078710171955
H11-D4-A14P-Y88V-M12V-R45P,QVQLVESGGGLVQPGGSLRLSCAVSGRTFSTAAMGWFRQAPGKEPEFVAAIRWSGGSAYYADSVKGRFTISRDKAKNTVYLQMNSLKVEDTAVYYCARTENVRSLLSDYATWPYDYWGQGTQVTVSS,4.384649991989136,64.8775786163522,38,318,-25.799,41.055419306573924
H11-D4-A14P-Y88V-R27C-W53P,QVQLVESGGGLMQPGGSLRLSCAVSGCTFSTAAMGWFRQAPGKEREFVAAIRPSGGSAYYADSVKGRFTISRDKAKNTVYLQMNSLKVEDTAVYYCARTENVRSLLSDYATWPYDYWGQGTQVTVSS,3.713873267173767,68.34614457831326,38,332,-20.245,40.98934694259138
H11-D4-Y88T-R27Y-R45P-W53G,QVQLVESGGGLMQAGGSLRLSCAVSGYTFSTAAMGWFRQAPGKEPEFVAAIRGSGGSAYYADSVKGRFTISRDKAKNTVYLQMNSLKTEDTAVYYCARTENVRSLLSDYATWPYDYWGQGTQVTVSS,4.295872449874878,60.64727828746177,39,327,-31.755,40.70931363370586
H11-D4-A14P-Y88E-M12V-R27D,QVQLVESGGGLVQPGGSLRLSCAVSGDTFSTAAMGWFRQAPGKEREFVAAIRWSGGSAYYADSVKGRFTISRDKAKNTVYLQMNSLKEEDTAVYYCARTENVRSLLSDYATWPYDYWGQGTQVTVSS,4.18960976600647,65.65813411078717,39,343,-23.402,40.687589008594884
H11-D4-A14P-Y88V-M12V-K74D,QVQLVESGGGLVQPGGSLRLSCAVSGRTFSTAAMGWFRQAPGKEREFVAAIRWSGGSAYYADSVKGRFTISRDDAKNTVYLQMNSLKVEDTAVYYCARTENVRSLLSDYATWPYDYWGQGTQVTVSS,5.078610897064209,64.33846354166667,45,384,-24.845,40.63845395024617
H11-D4-Y88T-R27Y-R45P-W53N,QVQLVESGGGLMQAGGSLRLSCAVSGYTFSTAAMGWFRQAPGKEPEFVAAIRNSGGSAYYADSVKGRFTISRDKAKNTVYLQMNSLKTEDTAVYYCARTENVRSLLSDYATWPYDYWGQGTQVTVSS,3.251023054122925,64.77916666666667,40,336,-24.157,40.286887944157925
H11-D4-Y88T-R27Y-R45P-K74D,QVQLVESGGGLMQAGGSLRLSCAVSGYTFSTAAMGWFRQAPGKEPEFVAAIRWSGGSAYYADSVKGRFTISRDDAKNTVYLQMNSLKTEDTAVYYCARTENVRSLLSDYATWPYDYWGQGTQVTVSS,5.165699481964111,64.98555194805195,35,308,-21.009,39.8286158704188
H11-D4-A14P-Y88E-M12V-R27H,QVQLVESGGGLVQPGGSLRLSCAVSGHTFSTAAMGWFRQAPGKEREFVAAIRWSGGSAYYADSVKGRFTISRDKAKNTVYLQMNSLKEEDTAVYYCARTENVRSLLSDYATWPYDYWGQGTQVTVSS,4.578747272491455,64.80190476190477,30,252,-20.577,39.48980183545067
H11-D4-A14P-Y88V-K74T-F37V,QVQLVESGGGLMQPGGSLRLSCAVSGRTFSTAAMGWVRQAPGKEREFVAAIRWSGGSAYYADSVKGRFTISRDTAKNTVYLQMNSLKVEDTAVYYCARTENVRSLLSDYATWPYDYWGQGTQVTVSS,4.62997841835022,63.98736842105263,43,361,-21.797,39.458779894196354
H11-D4-A14P-Y88E-M12V-R27M,QVQLVESGGGLVQPGGSLRLSCAVSGMTFSTAAMGWFRQAPGKEREFVAAIRWSGGSAYYADSVKGRFTISRDKAKNTVYLQMNSLKEEDTAVYYCARTENVRSLLSDYATWPYDYWGQGTQVTVSS,4.265887260437012,63.30595238095238,38,336,-21.752,39.03175364256359
H11-D4-A14P-Y88E-M12V-F37V,QVQLVESGGGLVQPGGSLRLSCAVSGRTFSTAAMGWVRQAPGKEREFVAAIRWSGGSAYYADSVKGRFTISRDKAKNTVYLQMNSLKEEDTAVYYCARTENVRSLLSDYATWPYDYWGQGTQVTVSS,4.470196723937988,61.55908571428572,42,350,-24.281,38.95788220193046
H11-D4-A14P-Y88V-K74T-R52S,QVQLVESGGGLMQPGGSLRLSCAVSGRTFSTAAMGWFRQAPGKEREFVAAISWSGGSAYYADSVKGRFTISRDTAKNTVYLQMNSLKVEDTAVYYCARTENVRSLLSDYATWPYDYWGQGTQVTVSS,3.847691059112549,60.69047457627119,36,295,-25.542,38.777375499958104
H11-D4-A14P-Y88V-R27C-C27Y,QVQLVESGGGLMQPGGSLRLSCAVSGYTFSTAAMGWFRQAPGKEREFVAAIRWSGGSAYYADSVKGRFTISRDKAKNTVYLQMNSLKVEDTAVYYCARTENVRSLLSDYATWPYDYWGQGTQVTVSS,4.880395889282227,65.78709333333333,44,375,-14.601,38.24992584452311
H11-D4-A14P-Y88V-M12V-K74T,QVQLVESGGGLVQPGGSLRLSCAVSGRTFSTAAMGWFRQAPGKEREFVAAIRWSGGSAYYADSVKGRFTISRDTAKNTVYLQMNSLKVEDTAVYYCARTENVRSLLSDYATWPYDYWGQGTQVTVSS,4.770308017730713,65.68687671232877,44,365,-14.838,38.24889995971053
H11-D4-A14P-Y88V-K74T-R27H,QVQLVESGGGLMQPGGSLRLSCAVSGHTFSTAAMGWFRQAPGKEREFVAAIRWSGGSAYYADSVKGRFTISRDTAKNTVYLQMNSLKVEDTAVYYCARTENVRSLLSDYATWPYDYWGQGTQVTVSS,4.098275899887085,68.80415617128463,45,397,0.0,35.22173326561973
H11-D4-A14P-Y88E-M12V-R45P,QVQLVESGGGLVQPGGSLRLSCAVSGRTFSTAAMGWFRQAPGKEPEFVAAIRWSGGSAYYADSVKGRFTISRDKAKNTVYLQMNSLKEEDTAVYYCARTENVRSLLSDYATWPYDYWGQGTQVTVSS,4.466487169265747,0.0,0,0,-2.186,1.5490974338531494
H11-D4-A14P-Y88V-M12V-R27C,QVQLVESGGGLVQPGGSLRLSCAVSGCTFSTAAMGWFRQAPGKEREFVAAIRWSGGSAYYADSVKGRFTISRDKAKNTVYLQMNSLKVEDTAVYYCARTENVRSLLSDYATWPYDYWGQGTQVTVSS,4.775378346443176,0.0,0,0,-0.257,1.0321756692886352
H11-D4-A14P-Y88E-M12V-K74D,QVQLVESGGGLVQPGGSLRLSCAVSGRTFSTAAMGWFRQAPGKEREFVAAIRWSGGSAYYADSVKGRFTISRDDAKNTVYLQMNSLKEEDTAVYYCARTENVRSLLSDYATWPYDYWGQGTQVTVSS,5.083837509155273,0.0,0,0,0.0,1.0167675018310547
H11-D4-A14P-Y88V-R27C-W53D,QVQLVESGGGLMQPGGSLRLSCAVSGCTFSTAAMGWFRQAPGKEREFVAAIRDSGGSAYYADSVKGRFTISRDKAKNTVYLQMNSLKVEDTAVYYCARTENVRSLLSDYATWPYDYWGQGTQVTVSS,4.667319655418396,0.0,0,0,0.0,0.9334639310836792
H11-D4-A14P-Y88V-M12V-W53S,QVQLVESGGGLVQPGGSLRLSCAVSGRTFSTAAMGWFRQAPGKEREFVAAIRSSGGSAYYADSVKGRFTISRDKAKNTVYLQMNSLKVEDTAVYYCARTENVRSLLSDYATWPYDYWGQGTQVTVSS,5.06500518321991,0.0,0,0,37.104,-10.118198963356019
