name,sequence,log_likelihood_ratio,Average_Interface_pLDDT_KP.3,Average_Interface_Residue_Count_KP.3,Average_Interface_Atom_Count_KP.3,Average_Interface_pLDDT_JN.1,Average_Interface_Residue_Count_JN.1,Average_Interface_Atom_Count_JN.1,Average dG_separated_KP.3,Average dG_separated_JN.1,weighted_score,round_num,log_likelihood_ratio_vs_original,weighted_score_vs_original,sequence_with_tags
Ty.2-N101P-L102R-N35S-Q1E,EVQLVETGGGLVQPGGSLRLSCAASGFTFSSSYMSWVRQAPGKGPEWVSRISPSSGNIDYTDSVKGRFTISRDNAKNTLYLQMNNLKPEDTALYYCAIGLPRSSSSVRGQGTQVTVSS,1.5384182929992676,68.48338645893152,55.6,453.8,66.90324736687829,59.8,497.0,-69.4384,-58.8808,53.04885042376182,4,2.8837339878082275,53.31791356272361,KYLLPTAAAGLLLLAAQPAMAEVQLVETGGGLVQPGGSLRLSCAASGFTFSSSYMSWVRQAPGKGPEWVSRISPSSGNIDYTDSVKGRFTISRDNAKNTLYLQMNNLKPEDTALYYCAIGLPRSSSSVRGQGTQVTVSS
Ty.2-R108W-P45L-D59F,QVQLVETGGGLVQPGGSLRLSCAASGFTFSSSYMNWVRQAPGKGLEWVSRISPSSGNIFYTDSVKGRFTISRDNAKNTLYLQMNNLKPEDTALYYCAIGLNLSSSSVWGQGTQVTVSS,0.7842850685119629,70.29553048397173,45.8,376.4,67.57366822561836,47.4,392.2,-52.243,-60.6212,50.303536755620414,3,5.171759605407715,51.181031662999565,KYLLPTAAAGLLLLAAQPAMAQVQLVETGGGLVQPGGSLRLSCAASGFTFSSSYMNWVRQAPGKGLEWVSRISPSSGNIFYTDSVKGRFTISRDNAKNTLYLQMNNLKPEDTALYYCAIGLNLSSSSVWGQGTQVTVSS
Ty.2-N35S-N101S-R108W-G99D,QVQLVETGGGLVQPGGSLRLSCAASGFTFSSSYMSWVRQAPGKGPEWVSRISPSSGNIDYTDSVKGRFTISRDNAKNTLYLQMNNLKPEDTALYYCAIDLSLSSSSVWGQGTQVTVSS,1.9203026294708248,67.96206231622355,47.2,392.0,64.62728575299919,57.8,479.0,-57.7524,-54.8544,49.42329013973872,4,5.006715536117554,50.04057272106807,KYLLPTAAAGLLLLAAQPAMAQVQLVETGGGLVQPGGSLRLSCAASGFTFSSSYMSWVRQAPGKGPEWVSRISPSSGNIDYTDSVKGRFTISRDNAKNTLYLQMNNLKPEDTALYYCAIDLSLSSSSVWGQGTQVTVSS
Ty.2-R108W-S104G-N101T-D59Y,QVQLVETGGGLVQPGGSLRLSCAASGFTFSSSYMNWVRQAPGKGPEWVSRISPSSGNIYYTDSVKGRFTISRDNAKNTLYLQMNNLKPEDTALYYCAIGLTLSGSSVWGQGTQVTVSS,3.4096596240997314,69.84551599635918,40.2,344.8,66.55544976204821,52.2,437.6,-59.59740000000001,-45.3072,48.94304507650143,4,4.648452162742615,49.19080358423,KYLLPTAAAGLLLLAAQPAMAQVQLVETGGGLVQPGGSLRLSCAASGFTFSSSYMNWVRQAPGKGPEWVSRISPSSGNIYYTDSVKGRFTISRDNAKNTLYLQMNNLKPEDTALYYCAIGLTLSGSSVWGQGTQVTVSS
Ty.2-R108W-S104G-N101T-L100D,QVQLVETGGGLVQPGGSLRLSCAASGFTFSSSYMNWVRQAPGKGPEWVSRISPSSGNIDYTDSVKGRFTISRDNAKNTLYLQMNNLKPEDTALYYCAIGDTLSGSSVWGQGTQVTVSS,2.006436347961426,70.42602125808871,39.4,327.4,70.7873032615741,47.8,403.0,-51.4218,-49.8082,48.88995217352485,4,3.245228886604309,49.137710681253424,KYLLPTAAAGLLLLAAQPAMAQVQLVETGGGLVQPGGSLRLSCAASGFTFSSSYMNWVRQAPGKGPEWVSRISPSSGNIDYTDSVKGRFTISRDNAKNTLYLQMNNLKPEDTALYYCAIGDTLSGSSVWGQGTQVTVSS
Ty.2-R108W-S104G-T61A-L102G,QVQLVETGGGLVQPGGSLRLSCAASGFTFSSSYMNWVRQAPGKGPEWVSRISPSSGNIDYADSVKGRFTISRDNAKNTLYLQMNNLKPEDTALYYCAIGLNGSGSSVWGQGTQVTVSS,2.575593113899231,68.66542844002637,51.6,417.0,73.50030336176675,40.6,333.2,-40.4284,-57.0856,48.45106498313848,4,5.990799069404602,49.13410617423955,KYLLPTAAAGLLLLAAQPAMAQVQLVETGGGLVQPGGSLRLSCAASGFTFSSSYMNWVRQAPGKGPEWVSRISPSSGNIDYADSVKGRFTISRDNAKNTLYLQMNNLKPEDTALYYCAIGLNGSGSSVWGQGTQVTVSS
Ty.2-R108W-P45L-I98R-N57T,QVQLVETGGGLVQPGGSLRLSCAASGFTFSSSYMNWVRQAPGKGLEWVSRISPSSGTIDYTDSVKGRFTISRDNAKNTLYLQMNNLKPEDTALYYCARGLNLSSSSVWGQGTQVTVSS,0.5294632911682129,67.53898084304713,53.0,431.0,67.36858221146848,52.4,437.4,-44.531600000000005,-61.9478,48.38328526913676,4,4.202608823776245,49.11791437565837,KYLLPTAAAGLLLLAAQPAMAQVQLVETGGGLVQPGGSLRLSCAASGFTFSSSYMNWVRQAPGKGLEWVSRISPSSGTIDYTDSVKGRFTISRDNAKNTLYLQMNNLKPEDTALYYCARGLNLSSSSVWGQGTQVTVSS
Ty.2-R108W-P45L-D59F-N101K,QVQLVETGGGLVQPGGSLRLSCAASGFTFSSSYMNWVRQAPGKGLEWVSRISPSSGNIFYTDSVKGRFTISRDNAKNTLYLQMNNLKPEDTALYYCAIGLKLSSSSVWGQGTQVTVSS,0.7385895252227783,72.43880044744849,43.8,372.6,69.61873324024052,44.0,374.4,-48.488800000000005,-52.82039999999999,48.82106464258236,4,1.5228745937347412,48.97792165628475,KYLLPTAAAGLLLLAAQPAMAQVQLVETGGGLVQPGGSLRLSCAASGFTFSSSYMNWVRQAPGKGLEWVSRISPSSGNIFYTDSVKGRFTISRDNAKNTLYLQMNNLKPEDTALYYCAIGLKLSSSSVWGQGTQVTVSS
Ty.2-R108W-P45L-D59F-S118P,QVQLVETGGGLVQPGGSLRLSCAASGFTFSSSYMNWVRQAPGKGLEWVSRISPSSGNIFYTDSVKGRFTISRDNAKNTLYLQMNNLKPEDTALYYCAIGLNLSSSSVWGQGTQVTVSP,0.7764363288879395,69.2230538679352,43.0,351.2,68.04293098198866,47.8,392.4,-40.1144,-65.11120000000001,48.65360423576237,4,1.5607213973999023,48.810461249464765,KYLLPTAAAGLLLLAAQPAMAQVQLVETGGGLVQPGGSLRLSCAASGFTFSSSYMNWVRQAPGKGLEWVSRISPSSGNIFYTDSVKGRFTISRDNAKNTLYLQMNNLKPEDTALYYCAIGLNLSSSSVWGQGTQVTVSP
Ty.2-R108W-P45L-I98R-N101K,QVQLVETGGGLVQPGGSLRLSCAASGFTFSSSYMNWVRQAPGKGLEWVSRISPSSGNIDYTDSVKGRFTISRDNAKNTLYLQMNNLKPEDTALYYCARGLKLSSSSVWGQGTQVTVSS,0.6233971118927002,71.49406795882612,42.2,354.4,67.93985732942932,53.4,450.0,-51.7822,-48.2582,48.01954448002964,4,4.296542644500732,48.75417358655124,KYLLPTAAAGLLLLAAQPAMAQVQLVETGGGLVQPGGSLRLSCAASGFTFSSSYMNWVRQAPGKGLEWVSRISPSSGNIDYTDSVKGRFTISRDNAKNTLYLQMNNLKPEDTALYYCARGLKLSSSSVWGQGTQVTVSS
Ty.2-D59Y-L102R-T61A-T7S,QVQLVESGGGLVQPGGSLRLSCAASGFTFSSSYMNWVRQAPGKGPEWVSRISPSSGNIYYADSVKGRFTISRDNAKNTLYLQMNNLKPEDTALYYCAIGLNRSSSSVRGQGTQVTVSS,5.538135051727295,67.93813187861875,50.6,425.4,67.21693914745505,53.4,439.0,-47.809000000000005,-50.92659999999999,47.88576121556022,4,9.365199565887451,48.651174118392255,KYLLPTAAAGLLLLAAQPAMAQVQLVESGGGLVQPGGSLRLSCAASGFTFSSSYMNWVRQAPGKGPEWVSRISPSSGNIYYADSVKGRFTISRDNAKNTLYLQMNNLKPEDTALYYCAIGLNRSSSSVRGQGTQVTVSS
Ty.2-R108W-P45L-I98R,QVQLVETGGGLVQPGGSLRLSCAASGFTFSSSYMNWVRQAPGKGLEWVSRISPSSGNIDYTDSVKGRFTISRDNAKNTLYLQMNNLKPEDTALYYCARGLNLSSSSVWGQGTQVTVSS,3.673145532608032,68.721992538507,55.0,456.4,65.98603648183435,48.6,403.8,-41.9096,-58.4294,47.74403491058988,3,8.060620069503784,48.62152981796904,KYLLPTAAAGLLLLAAQPAMAQVQLVETGGGLVQPGGSLRLSCAASGFTFSSSYMNWVRQAPGKGLEWVSRISPSSGNIDYTDSVKGRFTISRDNAKNTLYLQMNNLKPEDTALYYCARGLNLSSSSVWGQGTQVTVSS
Ty.2-N35S-N101S-R108W,QVQLVETGGGLVQPGGSLRLSCAASGFTFSSSYMSWVRQAPGKGPEWVSRISPSSGNIDYTDSVKGRFTISRDNAKNTLYLQMNNLKPEDTALYYCAIGLSLSSSSVWGQGTQVTVSS,3.0864129066467285,70.95373451988237,44.0,361.6,69.05373381635046,54.6,456.4,-54.643,-43.5578,48.25893624857591,3,4.723411917686462,48.586336050783856,KYLLPTAAAGLLLLAAQPAMAQVQLVETGGGLVQPGGSLRLSCAASGFTFSSSYMSWVRQAPGKGPEWVSRISPSSGNIDYTDSVKGRFTISRDNAKNTLYLQMNNLKPEDTALYYCAIGLSLSSSSVWGQGTQVTVSS
Ty.2-D59Y-L102R-T61A,QVQLVETGGGLVQPGGSLRLSCAASGFTFSSSYMNWVRQAPGKGPEWVSRISPSSGNIYYADSVKGRFTISRDNAKNTLYLQMNNLKPEDTALYYCAIGLNRSSSSVRGQGTQVTVSS,3.827064514160156,67.39475353130003,40.8,339.2,66.2029369829718,57.0,471.8,-52.8556,-51.5148,48.3590310056864,3,4.791754245758057,48.55196895200599,KYLLPTAAAGLLLLAAQPAMAQVQLVETGGGLVQPGGSLRLSCAASGFTFSSSYMNWVRQAPGKGPEWVSRISPSSGNIYYADSVKGRFTISRDNAKNTLYLQMNNLKPEDTALYYCAIGLNRSSSSVRGQGTQVTVSS
Ty.2-N35S-N101S-R108W-L102S,QVQLVETGGGLVQPGGSLRLSCAASGFTFSSSYMSWVRQAPGKGPEWVSRISPSSGNIDYTDSVKGRFTISRDNAKNTLYLQMNNLKPEDTALYYCAIGLSSSSSSVWGQGTQVTVSS,2.5722172260284424,68.84942731969241,51.8,427.0,66.43325169698997,52.2,429.8,-42.2592,-59.5072,47.92425924854217,4,5.658630132675171,48.54154182987151,KYLLPTAAAGLLLLAAQPAMAQVQLVETGGGLVQPGGSLRLSCAASGFTFSSSYMSWVRQAPGKGPEWVSRISPSSGNIDYTDSVKGRFTISRDNAKNTLYLQMNNLKPEDTALYYCAIGLSSSSSSVWGQGTQVTVSS
Ty.2-N101P-L102R-N35S-S32Y,QVQLVETGGGLVQPGGSLRLSCAASGFTFSSYYMSWVRQAPGKGPEWVSRISPSSGNIDYTDSVKGRFTISRDNAKNTLYLQMNNLKPEDTALYYCAIGLPRSSSSVRGQGTQVTVSS,2.111988067626953,68.8820571746675,45.2,382.2,67.03037200066328,50.6,427.2,-57.9038,-44.815,48.14864344859154,4,3.457303762435913,48.41770658755334,KYLLPTAAAGLLLLAAQPAMAQVQLVETGGGLVQPGGSLRLSCAASGFTFSSYYMSWVRQAPGKGPEWVSRISPSSGNIDYTDSVKGRFTISRDNAKNTLYLQMNNLKPEDTALYYCAIGLPRSSSSVRGQGTQVTVSS
Ty.2-R108W-S104G-T61A-P88A,QVQLVETGGGLVQPGGSLRLSCAASGFTFSSSYMNWVRQAPGKGPEWVSRISPSSGNIDYADSVKGRFTISRDNAKNTLYLQMNNLKAEDTALYYCAIGLNLSGSSVWGQGTQVTVSS,0.825472354888916,68.48156551220225,42.2,353.2,66.60194208150672,58.4,482.0,-75.2428,-26.6308,47.55651598971959,4,4.240678310394287,48.239557180820654,KYLLPTAAAGLLLLAAQPAMAQVQLVETGGGLVQPGGSLRLSCAASGFTFSSSYMNWVRQAPGKGPEWVSRISPSSGNIDYADSVKGRFTISRDNAKNTLYLQMNNLKAEDTALYYCAIGLNLSGSSVWGQGTQVTVSS
Ty.2-R108W-S104G-T61A-P45L,QVQLVETGGGLVQPGGSLRLSCAASGFTFSSSYMNWVRQAPGKGLEWVSRISPSSGNIDYADSVKGRFTISRDNAKNTLYLQMNNLKPEDTALYYCAIGLNLSGSSVWGQGTQVTVSS,4.417057991027832,69.67156463776146,45.6,380.6,66.95624432420531,51.0,420.6,-48.8712,-47.0428,47.39177339059892,4,7.832263946533203,48.0748145817,KYLLPTAAAGLLLLAAQPAMAQVQLVETGGGLVQPGGSLRLSCAASGFTFSSSYMNWVRQAPGKGLEWVSRISPSSGNIDYADSVKGRFTISRDNAKNTLYLQMNNLKPEDTALYYCAIGLNLSGSSVWGQGTQVTVSS
Ty.2-R108W-P45L-D59F-N101R,QVQLVETGGGLVQPGGSLRLSCAASGFTFSSSYMNWVRQAPGKGLEWVSRISPSSGNIFYTDSVKGRFTISRDNAKNTLYLQMNNLKPEDTALYYCAIGLRLSSSSVWGQGTQVTVSS,0.994279146194458,67.69065981981979,45.6,392.4,69.12208575941115,46.2,400.0,-47.2098,-54.5274,47.90884494508508,4,1.778564214706421,48.06570195878747,KYLLPTAAAGLLLLAAQPAMAQVQLVETGGGLVQPGGSLRLSCAASGFTFSSSYMNWVRQAPGKGLEWVSRISPSSGNIFYTDSVKGRFTISRDNAKNTLYLQMNNLKPEDTALYYCAIGLRLSSSSVWGQGTQVTVSS
Ty.2-R108W-P45L-D59F-N101L,QVQLVETGGGLVQPGGSLRLSCAASGFTFSSSYMNWVRQAPGKGLEWVSRISPSSGNIFYTDSVKGRFTISRDNAKNTLYLQMNNLKPEDTALYYCAIGLLLSSSSVWGQGTQVTVSS,1.0804765224456787,68.04240596444386,36.8,313.8,65.30123985535222,42.4,355.8,-52.863800000000005,-51.07,47.67158446844836,4,1.8647615909576416,47.82844148215075,KYLLPTAAAGLLLLAAQPAMAQVQLVETGGGLVQPGGSLRLSCAASGFTFSSSYMNWVRQAPGKGLEWVSRISPSSGNIFYTDSVKGRFTISRDNAKNTLYLQMNNLKPEDTALYYCAIGLLLSSSSVWGQGTQVTVSS
Ty.2-T7S-N35S-N101G-D59H,QVQLVESGGGLVQPGGSLRLSCAASGFTFSSSYMSWVRQAPGKGPEWVSRISPSSGNIHYTDSVKGRFTISRDNAKNTLYLQMNNLKPEDTALYYCAIGLGLSSSSVRGQGTQVTVSS,0.499100923538208,64.84034614313126,42.8,359.6,64.52184832552419,41.2,347.6,-47.0478,-60.5148,47.484779078438734,4,2.042214274406433,47.79340174861238,KYLLPTAAAGLLLLAAQPAMAQVQLVESGGGLVQPGGSLRLSCAASGFTFSSSYMSWVRQAPGKGPEWVSRISPSSGNIHYTDSVKGRFTISRDNAKNTLYLQMNNLKPEDTALYYCAIGLGLSSSSVRGQGTQVTVSS
Ty.2-N101P-L102R-N35S-S35H,QVQLVETGGGLVQPGGSLRLSCAASGFTFSSSYMHWVRQAPGKGPEWVSRISPSSGNIDYTDSVKGRFTISRDNAKNTLYLQMNNLKPEDTALYYCAIGLPRSSSSVRGQGTQVTVSS,0.8849854469299316,68.01736213485842,47.0,390.0,65.2758668856321,63.6,518.8,-47.3226,-55.9866,47.49748289348409,4,2.230301141738892,47.76654603244589,KYLLPTAAAGLLLLAAQPAMAQVQLVETGGGLVQPGGSLRLSCAASGFTFSSSYMHWVRQAPGKGPEWVSRISPSSGNIDYTDSVKGRFTISRDNAKNTLYLQMNNLKPEDTALYYCAIGLPRSSSSVRGQGTQVTVSS
Ty.2-R108W-S104G-T61A,QVQLVETGGGLVQPGGSLRLSCAASGFTFSSSYMNWVRQAPGKGPEWVSRISPSSGNIDYADSVKGRFTISRDNAKNTLYLQMNNLKPEDTALYYCAIGLNLSGSSVWGQGTQVTVSS,3.415205955505371,72.55754169284947,45.4,374.0,68.7614174027498,46.6,390.8,-52.5754,-40.1108,47.48407301022093,3,4.567973375320435,47.714626494183946,KYLLPTAAAGLLLLAAQPAMAQVQLVETGGGLVQPGGSLRLSCAASGFTFSSSYMNWVRQAPGKGPEWVSRISPSSGNIDYADSVKGRFTISRDNAKNTLYLQMNNLKPEDTALYYCAIGLNLSGSSVWGQGTQVTVSS
Ty.2-R108W-S104G-N101T,QVQLVETGGGLVQPGGSLRLSCAASGFTFSSSYMNWVRQAPGKGPEWVSRISPSSGNIDYTDSVKGRFTISRDNAKNTLYLQMNNLKPEDTALYYCAIGLTLSGSSVWGQGTQVTVSS,1.2387925386428833,66.40873380273877,53.8,436.0,66.19112529682504,58.2,484.2,-41.4974,-61.914,47.45001032764134,3,2.3915599584579468,47.68056381160435,KYLLPTAAAGLLLLAAQPAMAQVQLVETGGGLVQPGGSLRLSCAASGFTFSSSYMNWVRQAPGKGPEWVSRISPSSGNIDYTDSVKGRFTISRDNAKNTLYLQMNNLKPEDTALYYCAIGLTLSGSSVWGQGTQVTVSS
Ty.2-R108W-P45L-D59F-L102G,QVQLVETGGGLVQPGGSLRLSCAASGFTFSSSYMNWVRQAPGKGLEWVSRISPSSGNIFYTDSVKGRFTISRDNAKNTLYLQMNNLKPEDTALYYCAIGLNGSSSSVWGQGTQVTVSS,2.260096549987793,70.96299935846642,49.0,406.8,68.40755749826269,50.8,420.8,-46.3928,-49.1214,47.42897068134339,4,3.044381618499756,47.58582769504578,KYLLPTAAAGLLLLAAQPAMAQVQLVETGGGLVQPGGSLRLSCAASGFTFSSSYMNWVRQAPGKGLEWVSRISPSSGNIFYTDSVKGRFTISRDNAKNTLYLQMNNLKPEDTALYYCAIGLNGSSSSVWGQGTQVTVSS
Ty.2-T7S-N35S-N101G-I58T,QVQLVESGGGLVQPGGSLRLSCAASGFTFSSSYMSWVRQAPGKGPEWVSRISPSSGNTDYTDSVKGRFTISRDNAKNTLYLQMNNLKPEDTALYYCAIGLGLSSSSVRGQGTQVTVSS,2.576350688934326,67.26893819088619,44.4,355.0,67.8776143526006,40.0,334.0,-54.657,-43.8998,47.25594064648422,4,4.119464039802551,47.56456331665787,KYLLPTAAAGLLLLAAQPAMAQVQLVESGGGLVQPGGSLRLSCAASGFTFSSSYMSWVRQAPGKGPEWVSRISPSSGNTDYTDSVKGRFTISRDNAKNTLYLQMNNLKPEDTALYYCAIGLGLSSSSVRGQGTQVTVSS
Ty.2-T7S-N35S-N101G-P88A,QVQLVESGGGLVQPGGSLRLSCAASGFTFSSSYMSWVRQAPGKGPEWVSRISPSSGNIDYTDSVKGRFTISRDNAKNTLYLQMNNLKAEDTALYYCAIGLGLSSSSVRGQGTQVTVSS,1.3015613555908203,69.09096241358198,44.2,364.2,63.8351546327191,48.6,378.8,-59.211,-42.8106,47.24985568037838,4,2.8446747064590454,47.55847835055202,KYLLPTAAAGLLLLAAQPAMAQVQLVESGGGLVQPGGSLRLSCAASGFTFSSSYMSWVRQAPGKGPEWVSRISPSSGNIDYTDSVKGRFTISRDNAKNTLYLQMNNLKAEDTALYYCAIGLGLSSSSVRGQGTQVTVSS
Ty.2-T7S-N35S-N101G-T61A,QVQLVESGGGLVQPGGSLRLSCAASGFTFSSSYMSWVRQAPGKGPEWVSRISPSSGNIDYADSVKGRFTISRDNAKNTLYLQMNNLKPEDTALYYCAIGLGLSSSSVRGQGTQVTVSS,3.5961780548095703,66.8917219147074,44.4,363.0,65.15269778621126,50.6,409.6,-48.379,-51.4324,47.09039955114565,4,5.139291405677795,47.39902222131929,KYLLPTAAAGLLLLAAQPAMAQVQLVESGGGLVQPGGSLRLSCAASGFTFSSSYMSWVRQAPGKGPEWVSRISPSSGNIDYADSVKGRFTISRDNAKNTLYLQMNNLKPEDTALYYCAIGLGLSSSSVRGQGTQVTVSS
Ty.2-N101P-L102R-P101G,QVQLVETGGGLVQPGGSLRLSCAASGFTFSSSYMNWVRQAPGKGPEWVSRISPSSGNIDYTDSVKGRFTISRDNAKNTLYLQMNNLKPEDTALYYCAIGLGRSSSSVRGQGTQVTVSS,1.1605720520019531,69.1721717666901,49.6,406.2,66.73834331866678,62.6,512.8,-56.7506,-42.3118,47.22669742747177,3,1.8059344291687007,47.35576990290512,KYLLPTAAAGLLLLAAQPAMAQVQLVETGGGLVQPGGSLRLSCAASGFTFSSSYMNWVRQAPGKGPEWVSRISPSSGNIDYTDSVKGRFTISRDNAKNTLYLQMNNLKPEDTALYYCAIGLGRSSSSVRGQGTQVTVSS
Ty.2-T7S-N35S,QVQLVESGGGLVQPGGSLRLSCAASGFTFSSSYMSWVRQAPGKGPEWVSRISPSSGNIDYTDSVKGRFTISRDNAKNTLYLQMNNLKPEDTALYYCAIGLNLSSSSVRGQGTQVTVSS,1.1953325271606443,70.78107919954577,46.6,382.6,67.32647193323722,54.2,441.8,-41.9468,-49.899,46.22973673198872,2,6.502123355865479,47.29109489772969,KYLLPTAAAGLLLLAAQPAMAQVQLVESGGGLVQPGGSLRLSCAASGFTFSSSYMSWVRQAPGKGPEWVSRISPSSGNIDYTDSVKGRFTISRDNAKNTLYLQMNNLKPEDTALYYCAIGLNLSSSSVRGQGTQVTVSS
Ty.2-R108W-P45L-I98R-N101T,QVQLVETGGGLVQPGGSLRLSCAASGFTFSSSYMNWVRQAPGKGLEWVSRISPSSGNIDYTDSVKGRFTISRDNAKNTLYLQMNNLKPEDTALYYCARGLTLSSSSVWGQGTQVTVSS,1.4179894924163818,68.55841436412058,48.2,399.0,67.43525586793639,44.8,369.4,-44.831,-50.364,46.52133194489467,4,5.091135025024414,47.25596105141627,KYLLPTAAAGLLLLAAQPAMAQVQLVETGGGLVQPGGSLRLSCAASGFTFSSSYMNWVRQAPGKGLEWVSRISPSSGNIDYTDSVKGRFTISRDNAKNTLYLQMNNLKPEDTALYYCARGLTLSSSSVWGQGTQVTVSS
Ty.2-N101P-L102R-P101G-Q113T,QVQLVETGGGLVQPGGSLRLSCAASGFTFSSSYMNWVRQAPGKGPEWVSRISPSSGNIDYTDSVKGRFTISRDNAKNTLYLQMNNLKPEDTALYYCAIGLGRSSSSVRGQGTTVTVSS,1.2008752822875977,66.45531116633869,42.0,344.4,67.05732962499046,62.2,516.4,-51.994600000000005,-48.4014,47.02190321472335,4,2.361447334289551,47.254017625123744,KYLLPTAAAGLLLLAAQPAMAQVQLVETGGGLVQPGGSLRLSCAASGFTFSSSYMNWVRQAPGKGPEWVSRISPSSGNIDYTDSVKGRFTISRDNAKNTLYLQMNNLKPEDTALYYCAIGLGRSSSSVRGQGTTVTVSS
Ty.2-N101P-L102R-N35S-I58T,QVQLVETGGGLVQPGGSLRLSCAASGFTFSSSYMSWVRQAPGKGPEWVSRISPSSGNTDYTDSVKGRFTISRDNAKNTLYLQMNNLKPEDTALYYCAIGLPRSSSSVRGQGTQVTVSS,2.61099910736084,67.9522430651947,55.6,463.8,64.57683245729348,50.8,422.4,-42.076,-57.2562,46.89445492596981,4,3.9563148021698,47.1635180649316,KYLLPTAAAGLLLLAAQPAMAQVQLVETGGGLVQPGGSLRLSCAASGFTFSSSYMSWVRQAPGKGPEWVSRISPSSGNTDYTDSVKGRFTISRDNAKNTLYLQMNNLKPEDTALYYCAIGLPRSSSSVRGQGTQVTVSS
Ty.2-R108W-P45L,QVQLVETGGGLVQPGGSLRLSCAASGFTFSSSYMNWVRQAPGKGLEWVSRISPSSGNIDYTDSVKGRFTISRDNAKNTLYLQMNNLKPEDTALYYCAIGLNLSSSSVWGQGTQVTVSS,4.387474536895752,70.90709067671177,38.4,324.8,69.1745208833353,44.6,377.6,-37.4682,-50.3372,46.45489721938857,2,7.496381998062134,47.07667871162184,KYLLPTAAAGLLLLAAQPAMAQVQLVETGGGLVQPGGSLRLSCAASGFTFSSSYMNWVRQAPGKGLEWVSRISPSSGNIDYTDSVKGRFTISRDNAKNTLYLQMNNLKPEDTALYYCAIGLNLSSSSVWGQGTQVTVSS
Ty.2-R108W-P45L-D59F-S104G,QVQLVETGGGLVQPGGSLRLSCAASGFTFSSSYMNWVRQAPGKGLEWVSRISPSSGNIFYTDSVKGRFTISRDNAKNTLYLQMNNLKPEDTALYYCAIGLNLSGSSVWGQGTQVTVSS,1.0254347324371338,69.65274008790729,44.0,370.4,66.64918316782796,52.4,438.8,-38.9228,-58.2484,46.89971159763448,4,1.809719800949097,47.05656861133687,KYLLPTAAAGLLLLAAQPAMAQVQLVETGGGLVQPGGSLRLSCAASGFTFSSSYMNWVRQAPGKGLEWVSRISPSSGNIFYTDSVKGRFTISRDNAKNTLYLQMNNLKPEDTALYYCAIGLNLSGSSVWGQGTQVTVSS
Ty.2-T7S-N35S-N101G,QVQLVESGGGLVQPGGSLRLSCAASGFTFSSSYMSWVRQAPGKGPEWVSRISPSSGNIDYTDSVKGRFTISRDNAKNTLYLQMNNLKPEDTALYYCAIGLGLSSSSVRGQGTQVTVSS,1.543113350868225,66.79325759556089,45.4,371.4,65.8055983174603,46.8,380.0,-46.9408,-52.8802,46.79259385277789,3,2.7384458780288696,47.03166035821001,KYLLPTAAAGLLLLAAQPAMAQVQLVESGGGLVQPGGSLRLSCAASGFTFSSSYMSWVRQAPGKGPEWVSRISPSSGNIDYTDSVKGRFTISRDNAKNTLYLQMNNLKPEDTALYYCAIGLGLSSSSVRGQGTQVTVSS
