name,sequence,log_likelihood_ratio,Average_Interface_pLDDT_KP.3,Average_Interface_Residue_Count_KP.3,Average_Interface_Atom_Count_KP.3,Average_Interface_pLDDT_JN.1,Average_Interface_Residue_Count_JN.1,Average_Interface_Atom_Count_JN.1,Average dG_separated_KP.3,Average dG_separated_JN.1,weighted_score
Ty1-V32F-G59D-N54S-F32S-N101P-N35H,QVQLVETGGGLVQPGGSLRLSCAASGFTFSSSYMHWVRQAPGKGPEWVSRISPSSGNIDYTDSVKGRFTISRDNAKNTLYLQMNNLKPEDTALYYCAIGLPLSSSSVRGQGTQVTVSS,2.3221566677093506,68.71791908354352,47.0,400.2,68.6035072758929,64.4,531.8,-50.3616,-43.504000000000005,46.701836605429165
Ty1-V32F-G59D-N54S-F32S-N101P-L102R,QVQLVETGGGLVQPGGSLRLSCAASGFTFSSSYMNWVRQAPGKGPEWVSRISPSSGNIDYTDSVKGRFTISRDNAKNTLYLQMNNLKPEDTALYYCAIGLPRSSSSVRGQGTQVTVSS,0.645362377166748,70.07998780469569,57.8,481.4,65.22324781700858,52.2,432.8,-45.8486,-51.6506,46.68955959977421
Ty1-V32F-G59D-N54S-F32S-R108W-P45L,QVQLVETGGGLVQPGGSLRLSCAASGFTFSSSYMNWVRQAPGKGLEWVSRISPSSGNIDYTDSVKGRFTISRDNAKNTLYLQMNNLKPEDTALYYCAIGLNLSSSSVWGQGTQVTVSS,4.387474536895752,70.90709067671177,38.4,324.8,69.1745208833353,44.6,377.6,-37.4682,-50.3372,46.45489721938857
Ty1-V32F-G59D-N54S-F32S-T7S-N35S,QVQLVESGGGLVQPGGSLRLSCAASGFTFSSSYMSWVRQAPGKGPEWVSRISPSSGNIDYTDSVKGRFTISRDNAKNTLYLQMNNLKPEDTALYYCAIGLNLSSSSVRGQGTQVTVSS,1.1953325271606443,70.78107919954577,46.6,382.6,67.32647193323722,54.2,441.8,-41.9468,-49.899,46.22973673198872
Ty1-V32F-G59D-N54S-F32S-R108W-S104G,QVQLVETGGGLVQPGGSLRLSCAASGFTFSSSYMNWVRQAPGKGPEWVSRISPSSGNIDYTDSVKGRFTISRDNAKNTLYLQMNNLKPEDTALYYCAIGLNLSGSSVWGQGTQVTVSS,1.1527674198150637,68.49361898746717,50.2,423.6,67.55734389489794,53.0,453.0,-42.8304,-50.1582,46.038466060436036
Ty1-V32F-G59D-N54S-F32S-S106Y-I98R,QVQLVETGGGLVQPGGSLRLSCAASGFTFSSSYMNWVRQAPGKGPEWVSRISPSSGNIDYTDSVKGRFTISRDNAKNTLYLQMNNLKPEDTALYYCARGLNLSSSYVRGQGTQVTVSS,3.129579544067383,67.94623728102204,39.2,331.0,65.94554260425558,45.6,380.8,-56.5414,-34.9354,45.699631885868996
Ty1-V32F-G59D-N54S-F32S-D59Y-L102R,QVQLVETGGGLVQPGGSLRLSCAASGFTFSSSYMNWVRQAPGKGPEWVSRISPSSGNIYYTDSVKGRFTISRDNAKNTLYLQMNNLKPEDTALYYCAIGLNRSSSSVRGQGTQVTVSS,0.9646897315979004,66.16635976629628,48.2,399.6,67.08306506570052,54.2,450.0,-51.637800000000006,-41.6878,45.507942912718946
Ty1-V32F-G59D-N54S-F32S-N35S-N101S,QVQLVETGGGLVQPGGSLRLSCAASGFTFSSSYMSWVRQAPGKGPEWVSRISPSSGNIDYTDSVKGRFTISRDNAKNTLYLQMNNLKPEDTALYYCAIGLSLSSSSVRGQGTQVTVSS,1.636999011039734,68.65730283288676,49.4,402.8,66.9396602062993,57.4,474.8,-47.52419999999999,-42.7794,45.50751241004516
Ty1-V32F-G59D-N54S-F32S-N101L-T61A,QVQLVETGGGLVQPGGSLRLSCAASGFTFSSSYMNWVRQAPGKGPEWVSRISPSSGNIDYADSVKGRFTISRDNAKNTLYLQMNNLKPEDTALYYCAIGLLLSSSSVRGQGTQVTVSS,3.5710506439208984,69.31845958569608,37.8,312.6,70.24869745213267,43.6,362.2,-44.5738,-39.5222,45.446841536349936
Ty1-V32F-G59D-N54S-F32S-S106Y-S32Y,QVQLVETGGGLVQPGGSLRLSCAASGFTFSSYYMNWVRQAPGKGPEWVSRISPSSGNIDYTDSVKGRFTISRDNAKNTLYLQMNNLKPEDTALYYCAIGLNLSSSYVRGQGTQVTVSS,2.125136375427246,69.40317249194628,44.6,370.8,67.42320248426526,52.2,430.0,-40.1544,-47.1968,45.260542270327754
